<?xml version="1.0" encoding="UTF-8" standalone="yes"?>
<addon id="repository.EA"
	   name="[B][COLOR deepskyblue]E[/COLOR][COLOR green]A[/COLOR] [COLOR red]Repo[/COLOR][/B]"
	   version="1.0"
	   provider-name="EA">
	<extension point="xbmc.addon.repository" name="EA">
		<info compressed="false">https://raw.githubusercontent.com/eranavni/EA/master/EArepo/addons.xml</info>
		<checksum>https://raw.githubusercontent.com/eranavni/EA/master/EArepo/addons.xml.md5</checksum>
		<datadir zip="true">https://github.com/eranavni/EA/raw/master/EArepo/zips/</datadir>
	</extension>
	<extension point="xbmc.addon.metadata">
		<summary>EA builds</summary>
		<description></description>
		<platform>all</platform>
	</extension>
</addon>