<?xml version="1.0" encoding="UTF-8" standalone="yes"?>
<addon id="plugin.program.Dragon"                                                                                                                                    
	   name="[COLOR red][B]Dragon[/COLOR][/B] [COLOR white][B]Wizard[/COLOR][/B]"                                                 
	   version="9.2.6"                                                                                                                                        
	   provider-name="[COLOR lime][B]Dragon[/COLOR][/B]">
  <requires>
    <import addon="xbmc.python" version="2.1.0"/>

  </requires>
  <extension point="xbmc.python.pluginsource" library="default.py">
    <provides>executable</provides>
  </extension>
  <extension point="xbmc.service" library="startup.py" start="startup" />
  <extension point="xbmc.addon.metadata">
    <summary lang="en">Dragon WIZARD</summary>
    <description lang="he">"[COLOR yellow][B]CTVP 2019[/COLOR][/B]"</description>
    <platform>all</platform>
  </extension>
</addon>